<?xml version="1.0" encoding="UTF-8"?>
<urn:AdapterConfiguration authnCtxClassRef="" isInheritAttributeSettings="false" isInheritAttributeMapping="false" maskOgnlValues="false" uniqueUserKeyField="pf_none" isInheritExtendedContractAttributes="false" name="ref1" xmlns:urn="urn:sourceid.org:saml2:adapter:conf">
    <urn:Fields>
        <urn:Field name="Authentication Endpoint">https://localhost:8080/login</urn:Field>
        <urn:Field name="User Name">tjohnson</urn:Field>
        <urn:Field name="Pass Phrase">eyJhbGciOiJkaXIiLCJlbmMiOiJBMTI4Q0JDLUhTMjU2Iiwia2lkIjoiNk04MFZXa3NwaSIsInZlcnNpb24iOiIxMS4wLjcuMCJ9..BPKUkhFr1mK5XK36QsED9Q.RSr9batNo9gn8zSE8WNpTg.CvSLAjeApyj8Wxn9mqmWMw</urn:Field>
        <urn:Field name="Allowed Subject DN"/>
        <urn:Field name="Allowed Issuer DN"/>
        <urn:Field name="Logout Service Endpoint"/>
        <urn:Field name="Logout Service Mode">NONE</urn:Field>
        <urn:Field name="Logout Mode"/>
        <urn:Field name="Prefix Referenced Attributes">true</urn:Field>
        <urn:Field name="Ignore Untracked HTTP Parameters">false</urn:Field>
        <urn:Field name="Send Request Parameters">NONE</urn:Field>
        <urn:Field name="Transport Mode">0</urn:Field>
        <urn:Field name="Reference Duration">3</urn:Field>
        <urn:Field name="Reference Length">30</urn:Field>
        <urn:Field name="Require SSL/TLS">true</urn:Field>
        <urn:Field name="Outgoing Attribute Format">JSON</urn:Field>
        <urn:Field name="Incoming Attribute Format">JSON</urn:Field>
        <urn:Field name="Skip Host Name Validation ">false</urn:Field>
        <urn:Field name="Relax Password Requirements">false</urn:Field>
    </urn:Fields>
    <urn:AdvancedFields>
        <urn:Field name="Prefix Referenced Attributes">true</urn:Field>
        <urn:Field name="Ignore Untracked HTTP Parameters">false</urn:Field>
        <urn:Field name="Send Request Parameters">NONE</urn:Field>
        <urn:Field name="Transport Mode">0</urn:Field>
        <urn:Field name="Reference Duration">3</urn:Field>
        <urn:Field name="Reference Length">30</urn:Field>
        <urn:Field name="Require SSL/TLS">true</urn:Field>
        <urn:Field name="Outgoing Attribute Format">JSON</urn:Field>
        <urn:Field name="Incoming Attribute Format">JSON</urn:Field>
        <urn:Field name="Skip Host Name Validation ">false</urn:Field>
        <urn:Field name="Relax Password Requirements">false</urn:Field>
    </urn:AdvancedFields>
    <urn:Tables/>
    <urn:ExtendedContractAttributes/>
    <urn:ExtendedAttributesAdditionalProperties/>
    <urn:UniqueKeyField>subject</urn:UniqueKeyField>
    <urn:AttributeMapping>
        <urn1:AttributeMap Name="subject" Type="Adapter" xmlns:urn1="urn:sourceid.org:saml2:metadata-extension:v2">
            <urn1:ValueText>subject</urn1:ValueText>
        </urn1:AttributeMap>
        <urn1:TokenAuthorizationIssuanceCriteria xmlns:urn1="urn:sourceid.org:saml2:metadata-extension:v2"/>
    </urn:AttributeMapping>
</urn:AdapterConfiguration>