<?xml version="1.0" encoding="UTF-8"?>
<urn:OAuthConfig enableOAuth="true" authzCodeLength="30" authzCodeTimeout="60" restrictPlainPKCE="false" includeIssuerInAuthzResponse="false" rollRefreshTokens="false" refreshTokenRollingGracePeriod="0" rollingInterval="0" refreshTokenLength="42" atmIdForOAuthGrantManagement="" scopeForOAuthGrantManagement="" globalPersistentGrantExpirationTime="-1" globalPersistentGrantExpirationTimeUnit="d" globalPersistentGrantIdleTimeout="30" globalPersistentGrantIdleTimeoutTimeUnit="d" tokenEndpointBaseUrl="" userAuthzUrl="" registeredAuthzPath="" pendingAuthzTimeout="600" bypassActivationCodeConfirmation="false" devicePollingInterval="5" authzConsentSetting="INTERNAL" parTimeout="60" parRefLength="24" parStatus="ENABLED" xmlns:urn="urn:pingidentity.com:pf:oauth:conf">
    <urn:UserKeyToAccessTokenMapping contextId="urn:ietf:params:oauth:grant-type:token-exchange|AccessTokenProcessorPolicy" tokenManagerId="jwt">
        <urn1:AttributeMap Name="Username" Type="Processor Policy" xmlns:urn1="urn:sourceid.org:saml2:metadata-extension:v2">
            <urn1:ValueText>tepp.subject</urn1:ValueText>
        </urn1:AttributeMap>
        <urn1:AttributeMap Name="OrgName" Type="Text" xmlns:urn1="urn:sourceid.org:saml2:metadata-extension:v2">
            <urn1:ValueText>Ping Identity Corporation</urn1:ValueText>
        </urn1:AttributeMap>
        <urn1:TokenAuthorizationIssuanceCriteria xmlns:urn1="urn:sourceid.org:saml2:metadata-extension:v2"/>
    </urn:UserKeyToAccessTokenMapping>
    <urn:UserKeyToAccessTokenMapping contextId="default" tokenManagerId="jwt">
        <urn1:AttributeMap Name="Username" Type="Persistent Grant" xmlns:urn1="urn:sourceid.org:saml2:metadata-extension:v2">
            <urn1:ValueText>USER_KEY</urn1:ValueText>
        </urn1:AttributeMap>
        <urn1:AttributeMap Name="OrgName" Type="Text" xmlns:urn1="urn:sourceid.org:saml2:metadata-extension:v2">
            <urn1:ValueText>Ping Identity Corporation</urn1:ValueText>
        </urn1:AttributeMap>
        <urn1:TokenAuthorizationIssuanceCriteria xmlns:urn1="urn:sourceid.org:saml2:metadata-extension:v2">
            <urn1:TokenAuthorizationIssuanceCriterion AttrName="" AttrSourceType="Expression" ComparisonValue="" ErrorResult="">
                <urn1:ExprText>log = @org.apache.commons.logging.LogFactory@getLog("com.pingidentity.ognl.logger"),
#tid="1232-7834",
#errorcode="7834",
#returnVal="something",
#log.debug("REDIRECT:"+#returnVal),
#returnVal</urn1:ExprText>
            </urn1:TokenAuthorizationIssuanceCriterion>
        </urn1:TokenAuthorizationIssuanceCriteria>
    </urn:UserKeyToAccessTokenMapping>
    <urn:UserKeyToAccessTokenMapping contextId="default" tokenManagerId="ref">
        <urn1:AttributeMap Name="Username" Type="Persistent Grant" xmlns:urn1="urn:sourceid.org:saml2:metadata-extension:v2">
            <urn1:ValueText>USER_KEY</urn1:ValueText>
        </urn1:AttributeMap>
        <urn1:AttributeMap Name="OrgName" Type="Text" xmlns:urn1="urn:sourceid.org:saml2:metadata-extension:v2">
            <urn1:ValueText>Ping Identity Corporation</urn1:ValueText>
        </urn1:AttributeMap>
        <urn1:TokenAuthorizationIssuanceCriteria xmlns:urn1="urn:sourceid.org:saml2:metadata-extension:v2">
            <urn1:TokenAuthorizationIssuanceCriterion AttrName="context.ClientId" AttrSourceType="Context" ComparisonValue="1" ErrorResult="7002" Condition="equals">
                <urn1:ExprText xsi:nil="true" xmlns:xsi="http://www.w3.org/2001/XMLSchema-instance"/>
            </urn1:TokenAuthorizationIssuanceCriterion>
        </urn1:TokenAuthorizationIssuanceCriteria>
    </urn:UserKeyToAccessTokenMapping>
    <urn:AdapterToUserKeyMapping sourcePluginId="HTMLFormSimplePCV">
        <urn1:AttributeMap Name="USER_NAME" Type="Adapter" xmlns:urn1="urn:sourceid.org:saml2:metadata-extension:v2">
            <urn1:ValueText>username</urn1:ValueText>
        </urn1:AttributeMap>
        <urn1:AttributeMap Name="USER_KEY" Type="Adapter" xmlns:urn1="urn:sourceid.org:saml2:metadata-extension:v2">
            <urn1:ValueText>username</urn1:ValueText>
        </urn1:AttributeMap>
        <urn1:TokenAuthorizationIssuanceCriteria xmlns:urn1="urn:sourceid.org:saml2:metadata-extension:v2"/>
    </urn:AdapterToUserKeyMapping>
    <urn:PasswordCredentialValidatorToUserKeyMapping sourcePluginId="UserPass">
        <urn1:AttributeMap Name="USER_KEY" Type="Password Credential Validator" xmlns:urn1="urn:sourceid.org:saml2:metadata-extension:v2">
            <urn1:ValueText>username</urn1:ValueText>
        </urn1:AttributeMap>
        <urn1:TokenAuthorizationIssuanceCriteria xmlns:urn1="urn:sourceid.org:saml2:metadata-extension:v2"/>
    </urn:PasswordCredentialValidatorToUserKeyMapping>
    <urn:ApcToUserKeyMapping sourcePluginId="0Om6kxEcUihQyBJW">
        <urn1:AttributeMap Name="USER_NAME" Type="Authentication Policy Contract" xmlns:urn1="urn:sourceid.org:saml2:metadata-extension:v2">
            <urn1:ValueText>subject</urn1:ValueText>
        </urn1:AttributeMap>
        <urn1:AttributeMap Name="USER_KEY" Type="Authentication Policy Contract" xmlns:urn1="urn:sourceid.org:saml2:metadata-extension:v2">
            <urn1:ValueText>subject</urn1:ValueText>
        </urn1:AttributeMap>
        <urn1:TokenAuthorizationIssuanceCriteria xmlns:urn1="urn:sourceid.org:saml2:metadata-extension:v2"/>
    </urn:ApcToUserKeyMapping>
    <urn:ReuseExistingPersistentGrantForGrant>implicit</urn:ReuseExistingPersistentGrantForGrant>
</urn:OAuthConfig>