<?xml version="1.0" encoding="UTF-8"?>
<md:EntityDescriptor entityID="https://192.168.1.160:9031" urn:name="mac" ID="sT4bzxhyhtgEFlQ0Lw-y1dbAU.G" urn:LogLevel="STANDARD" urn:isActive="true" xmlns:md="urn:oasis:names:tc:SAML:2.0:metadata" xmlns:urn="urn:sourceid.org:saml2:metadata-extension:v2">
    <md:Extensions>
        <urn:EntityExtension PFVersion="11.0.7.0" LicenseGroup="">
            <urn:DigitialSignatureAliases/>
            <urn:Encryption>
                <urn:EncryptionPolicy EncryptionAlgorithm="http://www.w3.org/2001/04/xmlenc#aes128-cbc" KeyTransportAlgorithm="http://www.w3.org/2001/04/xmlenc#rsa-oaep-mgf1p" EncryptAssertion="false" EncryptSubjectNameID="false" SLOEncryptSubjectNameID="false"/>
                <urn:DecryptionPolicy AssertionEncrypted="false" SubjectNameIDEncrypted="false" AttributeEncrypted="false" SLOSubjectNameIDEncrypted="false"/>
            </urn:Encryption>
            <urn:ConnectionTemplateProperties/>
            <urn:MetadataUrlId xsi:nil="true" xmlns:xsi="http://www.w3.org/2001/XMLSchema-instance"/>
            <urn:enableAutoMetadataUpdate>false</urn:enableAutoMetadataUpdate>
            <urn:alwaysSignArtifactResponse>false</urn:alwaysSignArtifactResponse>
            <urn:AdditionalAllowedEntitiesConfiguration>
                <urn:AllowAdditionalEntities>false</urn:AllowAdditionalEntities>
                <urn:AllowAllEntities>false</urn:AllowAllEntities>
                <urn:AdditionalAllowedEntities/>
            </urn:AdditionalAllowedEntitiesConfiguration>
        </urn:EntityExtension>
    </md:Extensions>
    <md:IDPSSODescriptor protocolSupportEnumeration="OIDC" WantAuthnRequestsSigned="false">
        <md:Extensions>
            <urn:RoleExtension ArtifactTimeoutSeconds="60" LastModified="2023-12-19T23:32:04.889-06:00">
                <urn:IncomingBindings Artifact="true" POST="true" Redirect="true" SOAP="true"/>
                <urn:EnabledProfiles IDPInitiatedSSO="true" IDPInitiatedSLO="false" SPInitiatedSSO="true" SPInitiatedSLO="false"/>
                <urn:IDP AssertionsSigned="false" DefaultTargetResource="">
                    <urn:ConnectionContractMapping C2cContractId="0Om6kxEcUihQyBJW" C2cContractName="minimal" RestrictVirtualServerIds="false">
                        <urn:AttributeMap Name="subject" Type="No Mapping">
                            <urn:ValueText>NO_MAPPING</urn:ValueText>
                        </urn:AttributeMap>
                        <urn:TokenAuthorizationIssuanceCriteria/>
                    </urn:ConnectionContractMapping>
                    <urn:AccountLinkingAndMapping Type="mapping" IncludeAdditionalAttributes="false"/>
                    <urn:ErrPageMsg>errorDetail.spSsoFailure</urn:ErrPageMsg>
                </urn:IDP>
            </urn:RoleExtension>
        </md:Extensions>
        <md:SingleSignOnService Binding="oauth:authz" Location="https://192.168.1.160:9031/as1/authorization.oauth2"/>
    </md:IDPSSODescriptor>
    <md:RoleDescriptor protocolSupportEnumeration="OIDC" xsi:type="urn:PFOIDCRoleDescriptorType" xmlns:xsi="http://www.w3.org/2001/XMLSchema-instance">
        <md:Extensions>
            <urn:RoleExtension LastModified="2023-12-19T23:32:04.889-06:00"/>
        </md:Extensions>
        <urn:OpenIDConnectSettings>
            <urn:TokenEndpoint>https://192.168.1.160:9031/as/token.oauth2</urn:TokenEndpoint>
            <urn:JWKSUri>https://192.168.1.160:9031/pf/JWKS</urn:JWKSUri>
            <urn:Scopes>openid</urn:Scopes>
            <urn:Profile>BASIC</urn:Profile>
            <urn:UserInfoEndpoint/>
            <urn:ClientID>pinga_a</urn:ClientID>
            <urn:ClientSecret>eyJhbGciOiJkaXIiLCJlbmMiOiJBMTI4Q0JDLUhTMjU2Iiwia2lkIjoiNk04MFZXa3NwaSIsInZlcnNpb24iOiIxMS4wLjcuMCJ9..5NPVbKpbhagEuURL_XQlsg.UEZx5SRDAK0D6ak-ARBvzw.ipNLrOk_uN0485aM3EkhSw</urn:ClientSecret>
            <urn:BasicAuth>true</urn:BasicAuth>
            <urn:PrivateJwtAuth>false</urn:PrivateJwtAuth>
            <urn:enableProofKeyForCodeExchange>false</urn:enableProofKeyForCodeExchange>
        </urn:OpenIDConnectSettings>
    </md:RoleDescriptor>
    <md:RoleDescriptor protocolSupportEnumeration="urn:oasis:names:tc:SAML:2.0:protocol" xsi:type="urn:PFAvailableCertsRoleDescriptorType" xmlns:xsi="http://www.w3.org/2001/XMLSchema-instance"/>
    <md:ContactPerson contactType="administrative"/>
</md:EntityDescriptor>