<?xml version="1.0" encoding="UTF-8"?>
<sk:systemKeys xmlns:sk="http://pingidentity.com/2018/01/system-keys">
    <sk:currentKey>
        <sk:key>eyJhbGciOiJkaXIiLCJlbmMiOiJBMTI4Q0JDLUhTMjU2Iiwia2lkIjoiNk04MFZXa3NwaSIsInZlcnNpb24iOiIxMS4wLjcuMCIsInppcCI6IkRFRiJ9..kWe6r8AEMUeGYRj0IpYKFw.zefjxnDCXhwyQALlHgMsZeWJ2TseRmfNVKlqUccCaTRLaHoH3HRYf0Q4-gZlopYM.kXrWO6s49EF9COvpsWM6Vw</sk:key>
        <sk:generatedTime>2023-03-25T23:20:06.458-05:00</sk:generatedTime>
    </sk:currentKey>
    <sk:previousKey xsi:nil="true" xmlns:xsi="http://www.w3.org/2001/XMLSchema-instance"/>
    <sk:pendingKey>
        <sk:key>eyJhbGciOiJkaXIiLCJlbmMiOiJBMTI4Q0JDLUhTMjU2Iiwia2lkIjoiNk04MFZXa3NwaSIsInZlcnNpb24iOiIxMS4wLjcuMCIsInppcCI6IkRFRiJ9..T_kaGStOlBbNMOxin2ztHw.Iu-1eCpn0AQocgdB8s6PqVTuNuBLBf7GZeCw35PdQtIIJnbnPFxUGmsp_eiA7UeE.fb5EhNsV20tNbcLiFS-CJg</sk:key>
        <sk:generatedTime>2023-03-25T23:20:06.460-05:00</sk:generatedTime>
    </sk:pendingKey>
</sk:systemKeys>