<?xml version="1.0" encoding="UTF-8"?>
<con:config xmlns:con="http://www.sourceid.org/2004/05/config">
    <con:item name="EnableEmailNotification">false</con:item>
    <con:item name="EnableEmailPasswordNotification">true</con:item>
    <con:item name="EnableCertificateExpirationNotification">false</con:item>
    <con:item name="EnableMetadataEventNotification">true</con:item>
    <con:item name="UseSSL">false</con:item>
    <con:item name="UseTLS">false</con:item>
    <con:item name="VerifyHostname">false</con:item>
    <con:item name="UseDebugging">false</con:item>
    <con:item name="NotificationTo"/>
    <con:item name="NotificationCertificateExpirationTo"/>
    <con:item name="NotificationCertInitialEvent"/>
    <con:item name="NotificationCertFinalEvent"/>
    <con:item name="NotificationMetadataEventsTo">tjohnson2dat@gmail.com</con:item>
    <con:item name="NotificationPublisherCertificates"/>
    <con:item name="NotificationPublisherLicensing"/>
    <con:item name="NotificationPublisherMetadata">pingadmin</con:item>
    <con:item name="SmsProviderAccountId"/>
    <con:item name="SmsProviderFromNumber"/>
    <con:item name="SMTPPort">25</con:item>
    <con:item name="SSLSMTPPort">465</con:item>
    <con:item name="Timeout"/>
    <con:item name="RetryAttempts">2</con:item>
    <con:item name="RetryDelay">2</con:item>
    <con:item name="NotificationFrom"/>
    <con:item name="NotificationLicensingEventsTo"/>
    <con:item name="NotificationPublisherAccountChanges">ping4</con:item>
</con:config>