<?xml version="1.0" encoding="UTF-8"?>
<urn:Clients xmlns:urn="urn:pingidentity.com:pf:oauth:client">
    <urn:Client client_id="ac_oic_client" name="OpenID Connect Basic Client Profile" logo="" secret="Kq8jHeR8MnTi1erg1Yg63vqQJL-JWYCA9BFn1PwsyR0.tJ9NTpza.2" persistentGrantExpirationTime="0" enabled="true" lastModified="2023-09-13T10:39:24.377-05:00" bypassApprovalPage="true" restrictScopes="true" jwksUri="https://192.168.1.160:9031/pfJWKS" jwks="" clientAuthnType="SECRET" enforceOneTimeJWT="false" isRequireSignedRequest="false">
        <urn:Description/>
        <urn:Grant type="refresh_token"/>
        <urn:Grant type="authorization_code"/>
        <urn:RedirectUri>https://localhost:9031/OAuthPlayground/authorization_code/oidc/callback</urn:RedirectUri>
        <urn:RestrictedScope>openid</urn:RestrictedScope>
        <urn:SupplementalInfo key="DEVICE_FLOW_SETTING" value="SERVER_DEFAULT"/>
        <urn:SupplementalInfo key="DEFAULT_ATM_ID" value="jwt"/>
        <urn:SupplementalInfo key="RESTRICT_RESPONSE_TYPES" value="false"/>
        <urn:SupplementalInfo key="REVERSIBLE_SECRET" value="eyJhbGciOiJkaXIiLCJlbmMiOiJBMTI4Q0JDLUhTMjU2Iiwia2lkIjoiNk04MFZXa3NwaSIsInZlcnNpb24iOiIxMS4wLjcuMCJ9..CIQ2EkK3NPlG2NdvTCs3vA.UVcn8mXr_JGU4SxtGosjyB5dalHw_OfynFyhAN32CLVrVoAU9oWSAtzRZv1LugFdqG1YenX6bqFxj3Au5lilVdIceauh8ag8fwbM35d5n2A.dunBe-G5uOXbVy9RkNlYwQ"/>
        <urn:SupplementalInfo key="ACCESS_SESSION_MANAGEMENT_API" value="false"/>
        <urn:SupplementalInfo key="id_token_signed_response_alg" value="HS256"/>
        <urn:SupplementalInfo key="ALLOW_EXCLUSIVE_SCOPES" value="false"/>
        <urn:SupplementalInfo key="REFRESH_TOKEN_ROLLING_GRACE_PERIOD_TYPE" value="SERVER_DEFAULT"/>
        <urn:SupplementalInfo key="PING_ACCESS_LOGOUT_CAPABLE" value="false"/>
        <urn:SupplementalInfo key="ALLOW_AUTHENTICATION_API_INIT" value="true"/>
        <urn:SupplementalInfo key="REQUIRE_PROOF_KEY_FOR_CODE_EXCHANGE" value="false"/>
        <urn:SupplementalInfo key="RESTRICT_TO_DEFAULT_ATM" value="false"/>
        <urn:SupplementalInfo key="ACCESS_SESSION_REVOCATION_API" value="false"/>
        <urn:SupplementalInfo key="PERSISTENT_GRANT_IDLE_TIMEOUT_TYPE" value="SERVER_DEFAULT"/>
        <urn:SupplementalInfo key="id_token_encrypted_response_alg" value="A192KW"/>
        <urn:SupplementalInfo key="PERSISTENT_GRANT_REUSE_TYPE" value="SERVER_DEFAULT"/>
        <urn:SupplementalInfo key="id_token_encrypted_response_enc" value="A128CBC-HS256"/>
        <urn:SupplementalInfo key="VALIDATE_USING_ALL_ELIGIBLE_ATMS" value="false"/>
        <urn:SupplementalInfo key="ENABLED" value="true"/>
        <urn:SupplementalInfo key="vnd.ping.policy_group_id" value="OAuthPlayground"/>
    </urn:Client>
</urn:Clients>