<?xml version="1.0" encoding="UTF-8"?>
<urn:AuthnSelectionConfig lastModifiedMillis="1692106468325" enableAuthnSelection="true" enableSpAuthnSelection="false" failIfNoSelection="false" xmlns:urn="urn:pingidentity.com:pf:authn-selection">
    <urn:AuthnSelectionTrees>
        <urn:AuthnSelectionTree treeId="xziadKrb6KHpVVq9pjtIi4sHi" treeName="ApiAuthApplication" disabled="false" authnApiApp="">
            <urn:AstRoot context="">
                <urn:AstAction xsi:type="urn:AuthnSourceActionType" xmlns:xsi="http://www.w3.org/2001/XMLSchema-instance">
                    <urn:AuthnSourceKey type="ADAPTER">minimal</urn:AuthnSourceKey>
                    <urn:fallbackToSuccess>true</urn:fallbackToSuccess>
                    <urn:userIdAuthenticated>false</urn:userIdAuthenticated>
                </urn:AstAction>
                <urn:AstChild context="Fail">
                    <urn:AstAction noOpType="DONE" xsi:type="urn:NoOpActionType" xmlns:xsi="http://www.w3.org/2001/XMLSchema-instance"/>
                </urn:AstChild>
                <urn:AstChild context="Success">
                    <urn:AstAction apcId="0Om6kxEcUihQyBJW" xsi:type="urn:ApcMappingActionType" xmlns:xsi="http://www.w3.org/2001/XMLSchema-instance">
                        <urn:AttributeMapping>
                            <urn1:AttributeMap Name="subject" Type="Adapter" AttributeSourceId="minimal" xmlns:urn1="urn:sourceid.org:saml2:metadata-extension:v2">
                                <urn1:ValueText>username</urn1:ValueText>
                            </urn1:AttributeMap>
                            <urn1:TokenAuthorizationIssuanceCriteria xmlns:urn1="urn:sourceid.org:saml2:metadata-extension:v2">
                                <urn1:TokenAuthorizationIssuanceCriterion AttrName="" AttrSourceType="Expression" ComparisonValue="" ErrorResult="">
                                    <urn1:ExprText>#tid="1232-7834",
#errorcode="7099",
#errorMsg="Jwt+was+not+validated+for+issuer",
#returnVal="errorcode="+#errorcode + "|tid=" + #tid + "|error=" + #errorMsg,
#returnVal</urn1:ExprText>
                                </urn1:TokenAuthorizationIssuanceCriterion>
                            </urn1:TokenAuthorizationIssuanceCriteria>
                        </urn:AttributeMapping>
                    </urn:AstAction>
                </urn:AstChild>
            </urn:AstRoot>
        </urn:AuthnSelectionTree>
        <urn:AuthnSelectionTree treeId="YYgsUh5RoPQe8wBa6IlZCqrP0" treeName="TwoFactor" disabled="true" authnApiApp="">
            <urn:AstRoot context="">
                <urn:AstAction xsi:type="urn:AuthnSourceActionType" xmlns:xsi="http://www.w3.org/2001/XMLSchema-instance">
                    <urn:AuthnSourceKey type="ADAPTER">minimal</urn:AuthnSourceKey>
                    <urn:fallbackToSuccess>true</urn:fallbackToSuccess>
                    <urn:userIdAuthenticated>false</urn:userIdAuthenticated>
                </urn:AstAction>
                <urn:AstChild context="Fail">
                    <urn:AstAction noOpType="DONE" xsi:type="urn:NoOpActionType" xmlns:xsi="http://www.w3.org/2001/XMLSchema-instance"/>
                </urn:AstChild>
                <urn:AstChild context="Success">
                    <urn:AstAction xsi:type="urn:AuthnSourceActionType" xmlns:xsi="http://www.w3.org/2001/XMLSchema-instance">
                        <urn:AuthnSourceKey type="ADAPTER">OTPCIAM</urn:AuthnSourceKey>
                        <urn:fallbackToSuccess>true</urn:fallbackToSuccess>
                        <urn:InputIdMapping Type="Adapter" AttributeSourceId="minimal">
                            <urn1:ValueText xmlns:urn1="urn:sourceid.org:saml2:metadata-extension:v2">username</urn1:ValueText>
                        </urn:InputIdMapping>
                        <urn:userIdAuthenticated>true</urn:userIdAuthenticated>
                    </urn:AstAction>
                    <urn:AstChild context="Fail">
                        <urn:AstAction noOpType="DONE" xsi:type="urn:NoOpActionType" xmlns:xsi="http://www.w3.org/2001/XMLSchema-instance"/>
                    </urn:AstChild>
                    <urn:AstChild context="Success">
                        <urn:AstAction apcId="0Om6kxEcUihQyBJW" xsi:type="urn:ApcMappingActionType" xmlns:xsi="http://www.w3.org/2001/XMLSchema-instance">
                            <urn:AttributeMapping>
                                <urn1:AttributeMap Name="subject" Type="Adapter" AttributeSourceId="minimal" xmlns:urn1="urn:sourceid.org:saml2:metadata-extension:v2">
                                    <urn1:ValueText>username</urn1:ValueText>
                                </urn1:AttributeMap>
                                <urn1:TokenAuthorizationIssuanceCriteria xmlns:urn1="urn:sourceid.org:saml2:metadata-extension:v2"/>
                            </urn:AttributeMapping>
                        </urn:AstAction>
                    </urn:AstChild>
                </urn:AstChild>
            </urn:AstRoot>
        </urn:AuthnSelectionTree>
        <urn:AuthnSelectionTree treeId="0nNpu5c0Qq2cK4y51aFrHK4HH" treeName="testItune" disabled="true" authnApiApp="">
            <urn:AstRoot context="">
                <urn:AstAction xsi:type="urn:AuthnSourceActionType" xmlns:xsi="http://www.w3.org/2001/XMLSchema-instance">
                    <urn:AuthnSourceKey type="ADAPTER">minimal</urn:AuthnSourceKey>
                    <urn:fallbackToSuccess>true</urn:fallbackToSuccess>
                    <urn:userIdAuthenticated>false</urn:userIdAuthenticated>
                </urn:AstAction>
                <urn:AstChild context="Fail">
                    <urn:AstAction noOpType="DONE" xsi:type="urn:NoOpActionType" xmlns:xsi="http://www.w3.org/2001/XMLSchema-instance"/>
                </urn:AstChild>
                <urn:AstChild context="Success">
                    <urn:AstAction xsi:type="urn:AuthnSourceActionType" xmlns:xsi="http://www.w3.org/2001/XMLSchema-instance">
                        <urn:AuthnSourceKey type="ADAPTER">intune101</urn:AuthnSourceKey>
                        <urn:fallbackToSuccess>true</urn:fallbackToSuccess>
                        <urn:InputIdMapping Type="Adapter" AttributeSourceId="minimal">
                            <urn1:ValueText xmlns:urn1="urn:sourceid.org:saml2:metadata-extension:v2">username</urn1:ValueText>
                        </urn:InputIdMapping>
                        <urn:userIdAuthenticated>false</urn:userIdAuthenticated>
                    </urn:AstAction>
                    <urn:AstChild context="Fail">
                        <urn:AstAction noOpType="DONE" xsi:type="urn:NoOpActionType" xmlns:xsi="http://www.w3.org/2001/XMLSchema-instance"/>
                    </urn:AstChild>
                    <urn:AstChild context="Success">
                        <urn:AstAction apcId="0Om6kxEcUihQyBJW" xsi:type="urn:ApcMappingActionType" xmlns:xsi="http://www.w3.org/2001/XMLSchema-instance">
                            <urn:AttributeMapping>
                                <urn1:AttributeMap Name="subject" Type="Adapter" AttributeSourceId="minimal" xmlns:urn1="urn:sourceid.org:saml2:metadata-extension:v2">
                                    <urn1:ValueText>username</urn1:ValueText>
                                </urn1:AttributeMap>
                                <urn1:TokenAuthorizationIssuanceCriteria xmlns:urn1="urn:sourceid.org:saml2:metadata-extension:v2"/>
                            </urn:AttributeMapping>
                        </urn:AstAction>
                    </urn:AstChild>
                </urn:AstChild>
            </urn:AstRoot>
        </urn:AuthnSelectionTree>
        <urn:AuthnSelectionTree treeId="4pVI9Adyu9txnFySXFzajnMjf" treeName="cert-policy" disabled="true" authnApiApp="">
            <urn:AstRoot context="">
                <urn:AstAction xsi:type="urn:AuthnSourceActionType" xmlns:xsi="http://www.w3.org/2001/XMLSchema-instance">
                    <urn:AuthnSourceKey type="ADAPTER">certAdapter</urn:AuthnSourceKey>
                    <urn:fallbackToSuccess>true</urn:fallbackToSuccess>
                    <urn:userIdAuthenticated>false</urn:userIdAuthenticated>
                </urn:AstAction>
                <urn:AstChild context="Fail">
                    <urn:AstAction noOpType="DONE" xsi:type="urn:NoOpActionType" xmlns:xsi="http://www.w3.org/2001/XMLSchema-instance"/>
                </urn:AstChild>
                <urn:AstChild context="Success">
                    <urn:AstAction apcId="ZhQ2Be74oTYXHzNZ" xsi:type="urn:ApcMappingActionType" xmlns:xsi="http://www.w3.org/2001/XMLSchema-instance">
                        <urn:AttributeMapping>
                            <urn1:AttributeMap Name="subject" Type="Adapter" AttributeSourceId="certAdapter" xmlns:urn1="urn:sourceid.org:saml2:metadata-extension:v2">
                                <urn1:ValueText>SubjectDN</urn1:ValueText>
                            </urn1:AttributeMap>
                            <urn1:TokenAuthorizationIssuanceCriteria xmlns:urn1="urn:sourceid.org:saml2:metadata-extension:v2"/>
                        </urn:AttributeMapping>
                    </urn:AstAction>
                </urn:AstChild>
            </urn:AstRoot>
        </urn:AuthnSelectionTree>
        <urn:AuthnSelectionTree treeId="rpyKdvacd4W00OSqcRzQJEXet" treeName="device-auth" disabled="true" authnApiApp="">
            <urn:AstRoot context="">
                <urn:AstAction xsi:type="urn:AuthnSourceActionType" xmlns:xsi="http://www.w3.org/2001/XMLSchema-instance">
                    <urn:AuthnSourceKey type="ADAPTER">certAdapter</urn:AuthnSourceKey>
                    <urn:fallbackToSuccess>true</urn:fallbackToSuccess>
                    <urn:userIdAuthenticated>false</urn:userIdAuthenticated>
                </urn:AstAction>
                <urn:AstChild context="Fail">
                    <urn:AstAction noOpType="DONE" xsi:type="urn:NoOpActionType" xmlns:xsi="http://www.w3.org/2001/XMLSchema-instance"/>
                </urn:AstChild>
                <urn:AstChild context="Success">
                    <urn:AstAction xsi:type="urn:AuthnSourceActionType" xmlns:xsi="http://www.w3.org/2001/XMLSchema-instance">
                        <urn:AuthnSourceKey type="ADAPTER">intune101</urn:AuthnSourceKey>
                        <urn:fallbackToSuccess>true</urn:fallbackToSuccess>
                        <urn:InputIdMapping Type="Adapter" AttributeSourceId="certAdapter">
                            <urn1:ValueText xmlns:urn1="urn:sourceid.org:saml2:metadata-extension:v2">deviceID</urn1:ValueText>
                        </urn:InputIdMapping>
                        <urn:userIdAuthenticated>true</urn:userIdAuthenticated>
                    </urn:AstAction>
                    <urn:AstChild context="Fail">
                        <urn:AstAction apcId="ZhQ2Be74oTYXHzNZ" xsi:type="urn:ApcMappingActionType" xmlns:xsi="http://www.w3.org/2001/XMLSchema-instance">
                            <urn:AttributeMapping>
                                <urn1:AttributeMap Name="subject" Type="Adapter" AttributeSourceId="certAdapter" xmlns:urn1="urn:sourceid.org:saml2:metadata-extension:v2">
                                    <urn1:ValueText>deviceID</urn1:ValueText>
                                </urn1:AttributeMap>
                                <urn1:TokenAuthorizationIssuanceCriteria xmlns:urn1="urn:sourceid.org:saml2:metadata-extension:v2"/>
                            </urn:AttributeMapping>
                        </urn:AstAction>
                    </urn:AstChild>
                    <urn:AstChild context="Success">
                        <urn:AstAction apcId="ZhQ2Be74oTYXHzNZ" xsi:type="urn:ApcMappingActionType" xmlns:xsi="http://www.w3.org/2001/XMLSchema-instance">
                            <urn:AttributeMapping>
                                <urn1:AttributeMap Name="subject" Type="Adapter" AttributeSourceId="certAdapter" xmlns:urn1="urn:sourceid.org:saml2:metadata-extension:v2">
                                    <urn1:ValueText>SubjectDN</urn1:ValueText>
                                </urn1:AttributeMap>
                                <urn1:TokenAuthorizationIssuanceCriteria xmlns:urn1="urn:sourceid.org:saml2:metadata-extension:v2"/>
                            </urn:AttributeMapping>
                        </urn:AstAction>
                    </urn:AstChild>
                </urn:AstChild>
            </urn:AstRoot>
        </urn:AuthnSelectionTree>
        <urn:AuthnSelectionTree treeId="9isfeCuzoBinGkawQQuM87o0L" treeName="full intine policy" disabled="true" authnApiApp="">
            <urn:AstRoot context="">
                <urn:AstAction xsi:type="urn:AuthnSourceActionType" xmlns:xsi="http://www.w3.org/2001/XMLSchema-instance">
                    <urn:AuthnSourceKey type="ADAPTER">minimal</urn:AuthnSourceKey>
                    <urn:fallbackToSuccess>true</urn:fallbackToSuccess>
                    <urn:userIdAuthenticated>false</urn:userIdAuthenticated>
                </urn:AstAction>
                <urn:AstChild context="Fail">
                    <urn:AstAction noOpType="DONE" xsi:type="urn:NoOpActionType" xmlns:xsi="http://www.w3.org/2001/XMLSchema-instance"/>
                </urn:AstChild>
                <urn:AstChild context="Success">
                    <urn:AstAction xsi:type="urn:AuthnSourceActionType" xmlns:xsi="http://www.w3.org/2001/XMLSchema-instance">
                        <urn:AuthnSourceKey type="ADAPTER">certAdapter</urn:AuthnSourceKey>
                        <urn:fallbackToSuccess>true</urn:fallbackToSuccess>
                        <urn:userIdAuthenticated>false</urn:userIdAuthenticated>
                    </urn:AstAction>
                    <urn:AstChild context="Fail">
                        <urn:AstAction noOpType="DONE" xsi:type="urn:NoOpActionType" xmlns:xsi="http://www.w3.org/2001/XMLSchema-instance"/>
                    </urn:AstChild>
                    <urn:AstChild context="Success">
                        <urn:AstAction xsi:type="urn:AuthnSourceActionType" xmlns:xsi="http://www.w3.org/2001/XMLSchema-instance">
                            <urn:AuthnSourceKey type="ADAPTER">intune101</urn:AuthnSourceKey>
                            <urn:fallbackToSuccess>true</urn:fallbackToSuccess>
                            <urn:InputIdMapping Type="Adapter" AttributeSourceId="certAdapter">
                                <urn1:ValueText xmlns:urn1="urn:sourceid.org:saml2:metadata-extension:v2">SerialNumber</urn1:ValueText>
                            </urn:InputIdMapping>
                            <urn:userIdAuthenticated>true</urn:userIdAuthenticated>
                        </urn:AstAction>
                        <urn:AstChild context="Fail">
                            <urn:AstAction apcId="ZhQ2Be74oTYXHzNZ" xsi:type="urn:ApcMappingActionType" xmlns:xsi="http://www.w3.org/2001/XMLSchema-instance">
                                <urn:AttributeMapping>
                                    <urn1:AttributeMap Name="subject" Type="Adapter" AttributeSourceId="minimal" xmlns:urn1="urn:sourceid.org:saml2:metadata-extension:v2">
                                        <urn1:ValueText>username</urn1:ValueText>
                                    </urn1:AttributeMap>
                                    <urn1:TokenAuthorizationIssuanceCriteria xmlns:urn1="urn:sourceid.org:saml2:metadata-extension:v2"/>
                                </urn:AttributeMapping>
                            </urn:AstAction>
                        </urn:AstChild>
                        <urn:AstChild context="Success">
                            <urn:AstAction apcId="ZhQ2Be74oTYXHzNZ" xsi:type="urn:ApcMappingActionType" xmlns:xsi="http://www.w3.org/2001/XMLSchema-instance">
                                <urn:AttributeMapping>
                                    <urn1:AttributeMap Name="subject" Type="Adapter" AttributeSourceId="minimal" xmlns:urn1="urn:sourceid.org:saml2:metadata-extension:v2">
                                        <urn1:ValueText>username</urn1:ValueText>
                                    </urn1:AttributeMap>
                                    <urn1:TokenAuthorizationIssuanceCriteria xmlns:urn1="urn:sourceid.org:saml2:metadata-extension:v2"/>
                                </urn:AttributeMapping>
                            </urn:AstAction>
                        </urn:AstChild>
                    </urn:AstChild>
                </urn:AstChild>
            </urn:AstRoot>
        </urn:AuthnSelectionTree>
    </urn:AuthnSelectionTrees>
    <urn:DefaultAuthnSources/>
</urn:AuthnSelectionConfig>