<?xml version="1.0" encoding="UTF-8"?>
<urn:AdapterConfiguration authnCtxClassRef="" isInheritAttributeSettings="false" isInheritAttributeMapping="false" maskOgnlValues="false" uniqueUserKeyField="pf_none" isInheritExtendedContractAttributes="false" name="intune101" xmlns:urn="urn:sourceid.org:saml2:adapter:conf">
    <urn:Fields>
        <urn:Field name="Tenant ID">a7dae738-2aed-4c8a-9958-ea834e1b24f7</urn:Field>
        <urn:Field name="Application ID">52038ddc-810a-4c22-b980-1ff2c58ada43</urn:Field>
        <urn:Field name="Application Secret">eyJhbGciOiJkaXIiLCJlbmMiOiJBMTI4Q0JDLUhTMjU2Iiwia2lkIjoiNk04MFZXa3NwaSIsInZlcnNpb24iOiIxMS4wLjcuMCJ9..GE9OIJfNPUgwvxv82e1wVA.XifvfYCXIr7H5n7HtEta4b7x8cEXhVtlbnxz7RNxp4H0QN6a7XSoyRId3GUvFVek.IebcdA8_FnouX6TlV7ptwA</urn:Field>
        <urn:Field name="Device lookup attribute">upn</urn:Field>
    </urn:Fields>
    <urn:AdvancedFields/>
    <urn:Tables/>
    <urn:ExtendedContractAttributes/>
    <urn:ExtendedAttributesAdditionalProperties/>
    <urn:UniqueKeyField>isCompliant</urn:UniqueKeyField>
    <urn:AttributeMapping>
        <urn1:AttributeMap Name="isCompliant" Type="Adapter" xmlns:urn1="urn:sourceid.org:saml2:metadata-extension:v2">
            <urn1:ValueText>isCompliant</urn1:ValueText>
        </urn1:AttributeMap>
        <urn1:AttributeMap Name="isManaged" Type="Adapter" xmlns:urn1="urn:sourceid.org:saml2:metadata-extension:v2">
            <urn1:ValueText>isManaged</urn1:ValueText>
        </urn1:AttributeMap>
        <urn1:TokenAuthorizationIssuanceCriteria xmlns:urn1="urn:sourceid.org:saml2:metadata-extension:v2"/>
    </urn:AttributeMapping>
</urn:AdapterConfiguration>