<?xml version="1.0" encoding="UTF-8"?>
<adm:administrative-users xmlns:adm="http://pingidentity.com/2006/01/admin-users">
    <adm:user>
        <adm:user-name>toolkit</adm:user-name>
        <adm:salt/>
        <adm:hash>ZSr9xQhCa6KR4ufFBM-mV08HOI47IWeDuex4lvQ-mP8.MlTc53Yl.2</adm:hash>
        <adm:phone-number/>
        <adm:email-address>Thomas.Johnson@pathmaker-group.com</adm:email-address>
        <adm:department/>
        <adm:description/>
        <adm:admin-manager>true</adm:admin-manager>
        <adm:admin>true</adm:admin>
        <adm:crypto-manager>false</adm:crypto-manager>
        <adm:expression-manager>false</adm:expression-manager>
        <adm:auditor>false</adm:auditor>
        <adm:active>true</adm:active>
        <adm:password-change-required>true</adm:password-change-required>
    </adm:user>
    <adm:user>
        <adm:user-name>Administrator</adm:user-name>
        <adm:salt/>
        <adm:hash>TVhnNyAKOkphuX5nqDuxB8BVyEeVQiDgvUPZ6-ju__U.8dod5h2_.2</adm:hash>
        <adm:phone-number xsi:nil="true" xmlns:xsi="http://www.w3.org/2001/XMLSchema-instance"/>
        <adm:email-address xsi:nil="true" xmlns:xsi="http://www.w3.org/2001/XMLSchema-instance"/>
        <adm:department xsi:nil="true" xmlns:xsi="http://www.w3.org/2001/XMLSchema-instance"/>
        <adm:description>Initial administrator user</adm:description>
        <adm:admin-manager>true</adm:admin-manager>
        <adm:admin>true</adm:admin>
        <adm:crypto-manager>true</adm:crypto-manager>
        <adm:expression-manager>true</adm:expression-manager>
        <adm:auditor>false</adm:auditor>
        <adm:active>true</adm:active>
        <adm:password-change-required>false</adm:password-change-required>
    </adm:user>
    <adm:user>
        <adm:user-name>tomj</adm:user-name>
        <adm:salt/>
        <adm:hash>RzeGV9VGetYnuQR3VTut5TMuYf38sXFITEYPzT1VIdI.EY5P_BVI.2</adm:hash>
        <adm:phone-number/>
        <adm:email-address>Thomas.Johnson@pathmaker-group.com</adm:email-address>
        <adm:department/>
        <adm:description/>
        <adm:admin-manager>false</adm:admin-manager>
        <adm:admin>true</adm:admin>
        <adm:crypto-manager>false</adm:crypto-manager>
        <adm:expression-manager>true</adm:expression-manager>
        <adm:auditor>false</adm:auditor>
        <adm:active>true</adm:active>
        <adm:password-change-required>true</adm:password-change-required>
    </adm:user>
</adm:administrative-users>