<?xml version="1.0" encoding="UTF-8"?>
<urn:TokenExchangeProcessorPolicies defaultTokenExchangeProcessorPolicyId="AccessTokenProcessorPolicy" xmlns:urn="urn:pingidentity.com:pf:oauth:token:exchange">
    <urn:TokenExchangeProcessorPolicy id="AccessTokenProcessorPolicy" name="AccessTokenProcessorPolicy" actorTokenRequired="false">
        <urn:ExtendedAttributeContract/>
        <urn:TokenExchangeProcessorMapping subjectTokenType="urn:ietf:params:oauth:token-type:access_token" subjectTokenProcessorId="JwtAccessTokenProcessor" actorTokenType="" actorTokenProcessorId="">
            <urn:AttributeMappingType>
                <urn1:AttributeMap Name="subject" Type="Subject Token" xmlns:urn1="urn:sourceid.org:saml2:metadata-extension:v2">
                    <urn1:ValueText>subjecttoken.Username</urn1:ValueText>
                </urn1:AttributeMap>
                <urn1:TokenAuthorizationIssuanceCriteria xmlns:urn1="urn:sourceid.org:saml2:metadata-extension:v2"/>
            </urn:AttributeMappingType>
        </urn:TokenExchangeProcessorMapping>
    </urn:TokenExchangeProcessorPolicy>
</urn:TokenExchangeProcessorPolicies>