<?xml version="1.0" encoding="UTF-8"?>
<loc:localIdentity profileId="mABHlot9M4dED7dV" profileName="cigna" contractId="0Om6kxEcUihQyBJW" profileEnabled="true" registrationEnabled="true" xmlns:loc="http://pingidentity.com/2017/07/localIdentity">
    <loc:auth-sources/>
    <loc:fields stripSpaceFromUniqueField="true" maskOgnlValues="false">
        <loc:field type="TEXT" default-value="" id="email" label="mail">
            <loc:appliesTo profile="true" registration="true"/>
            <loc:parameter param-name="Read-Only" value="false"/>
            <loc:parameter param-name="Required" value="false"/>
            <loc:parameter param-name="Unique ID Field" value="true"/>
            <loc:parameter param-name="Mask Log Values" value="false"/>
        </loc:field>
    </loc:fields>
    <loc:email-verification-config emailVerificationEnabled="false" verifyEmailTemplateName="message-template-email-ownership-verification.html" emailVerificationSentTemplateName="local.identity.email.verification.sent.html" emailVerificationSuccessTemplateName="local.identity.email.verification.success.html" emailVerificationErrorTemplateName="local.identity.email.verification.error.html" emailVerificationOtpTemplateName="local.identity.email.verification.otp.html" allowedOtpCharacterSet="" otlTimeToLive="1440" verificationEmailField="" verificationStatusField="" notificationPublisherId="" requireVerifiedEmail="false" requireVerifiedEmailTemplateName="local.identity.email.verification.required.html"/>
    <loc:registration-config captchaEnabled="false" templateName="local.identity.registration.html" thisIsMyDevice="false" createAuthnSessionAfterRegistration="true" usernameField=""/>
    <loc:profile-config templateName="local.identity.profile.html" deleteIdentityEnabled="true"/>
    <loc:datastore-mapping>
        <loc:DataSource Description="" Type="LDAP" DataSourceId="LDAP-E2FC09DEBEA981E1048A833F59528972D1CDEADB">
            <urn:Parameter Name="create_pattern" Value="uid=${email}" xmlns:urn="urn:sourceid.org:saml2:metadata-extension:v2"/>
            <urn:Parameter Name="auxiliary_object_classes" Value="uidObject" xmlns:urn="urn:sourceid.org:saml2:metadata-extension:v2"/>
            <urn:Parameter Name="search_base" Value="dc=example,dc=com" xmlns:urn="urn:sourceid.org:saml2:metadata-extension:v2"/>
            <urn:Parameter Name="search_scope" Value="ONELEVEL_SCOPE" xmlns:urn="urn:sourceid.org:saml2:metadata-extension:v2"/>
            <urn:Parameter Name="object_class" Value="account" xmlns:urn="urn:sourceid.org:saml2:metadata-extension:v2"/>
        </loc:DataSource>
        <loc:Attribute fieldName="email" datastore-field="mail"/>
    </loc:datastore-mapping>
</loc:localIdentity>